;match_id;turn;home_id;visitor_id;date;timestamp;local;valid;home_goal;visitor_goal
0;270160;1;1371;286;2021-05-29 19:00:00;1622325600;Arena Pantanal;True;2;2
1;270157;1;265;277;2021-05-29 20:00:00;1622329200;Pituaçu;True;3;0
2;270153;1;276;266;2021-05-29 21:00:00;1622332800;Morumbi;True;0;0
3;270154;1;282;356;2021-05-30 11:00:00;1622383200;Mineirão;True;1;2
4;270151;1;262;275;2021-05-30 16:00:00;1622401200;Maracanã;True;1;0
5;270156;1;354;284;2021-05-30 16:00:00;1622401200;Castelão (CE);True;3;2
6;270152;1;264;373;2021-05-30 18:15:00;1622409300;Neo Química Arena;True;0;1
7;270158;1;315;280;2021-05-30 18:15:00;1622409300;Arena Condá;True;0;3
8;270159;1;293;327;2021-05-30 18:15:00;1622409300;Arena da Baixada;True;1;0
9;270155;1;285;292;2021-05-30 20:30:00;1622417400;Beira-Rio;True;2;2
10;270169;2;373;276;2021-06-05 19:00:00;1622930400;Antônio Accioly;True;2;0
11;270165;2;277;354;2021-06-05 21:00:00;1622937600;Vila Belmiro;True;3;1
12;270168;2;280;265;2021-06-05 21:00:00;1622937600;Nabi Abi Chedid;True;3;3
13;270163;2;266;1371;2021-06-06 11:00:00;1622988000;São Januário;True;1;0
14;270162;2;327;264;2021-06-06 16:00:00;1623006000;Independência;True;0;1
15;270166;2;356;285;2021-06-06 16:00:00;1623006000;Castelão (CE);True;5;1
16;270164;2;275;315;2021-06-06 18:15:00;1623014100;Allianz Parque;True;3;1
17;270170;2;286;293;2021-06-06 18:15:00;1623014100;Alfredo Jaconi;True;0;3
18;270167;2;292;282;2021-06-06 20:30:00;1623022200;Ilha do Retiro;True;0;1
19;270161;2;284;262;2021-11-23 21:00:00;1637712000;Arena do Grêmio;False;2;2
20;270172;3;275;264;2021-06-12 19:00:00;1623535200;Allianz Parque;True;1;1
21;270173;3;277;286;2021-06-12 19:00:00;1623535200;Vila Belmiro;True;0;0
22;270171;3;262;327;2021-06-13 16:00:00;1623610800;Maracanã;True;2;0
23;270174;3;282;276;2021-06-13 16:00:00;1623610800;Mineirão;True;1;0
24;270175;3;284;293;2021-06-13 16:00:00;1623610800;Arena do Grêmio;True;0;1
25;270176;3;265;285;2021-06-13 20:30:00;1623627000;Pituaçu;True;0;1
26;270177;3;356;292;2021-06-13 20:30:00;1623627000;Castelão (CE);True;1;0
27;270178;3;280;266;2021-06-13 20:30:00;1623627000;Nabi Abi Chedid;True;2;2
28;270179;3;315;354;2021-06-13 20:30:00;1623627000;Arena Condá;True;0;0
29;270180;3;1371;373;2021-07-21 19:00:00;1626904800;Arena Pantanal;False;2;1
30;270184;4;276;315;2021-06-16 19:00:00;1623880800;Morumbi;True;1;1
31;270185;4;285;282;2021-06-16 19:00:00;1623880800;Beira-Rio;True;0;1
32;270183;4;264;280;2021-06-16 20:30:00;1623886200;Neo Química Arena;True;1;2
33;270186;4;286;275;2021-06-16 21:30:00;1623889800;Alfredo Jaconi;True;0;3
34;270188;4;354;265;2021-06-17 16:00:00;1623956400;Castelão (CE);True;1;2
35;270189;4;327;1371;2021-06-17 16:00:00;1623956400;Independência;True;0;0
36;270182;4;266;277;2021-06-17 19:00:00;1623967200;Maracanã;True;1;0
37;270187;4;292;284;2021-06-17 19:00:00;1623967200;Ilha do Retiro;True;1;0
38;270190;4;373;356;2021-06-17 19:00:00;1623967200;Antônio Accioly;True;0;0
39;270181;4;293;262;2021-11-02 16:00:00;1635879600;Arena da Baixada;False;2;2
40;270191;5;262;280;2021-06-19 21:00:00;1624147200;Maracanã;True;2;3
41;270192;5;275;327;2021-06-20 11:00:00;1624197600;Allianz Parque;True;2;1
42;270195;5;285;354;2021-06-20 16:00:00;1624215600;Beira-Rio;True;1;1
43;270197;5;265;264;2021-06-20 16:00:00;1624215600;Pituaçu;True;0;0
44;270193;5;277;276;2021-06-20 18:15:00;1624223700;Vila Belmiro;True;2;0
45;270196;5;356;266;2021-06-20 18:15:00;1624223700;Castelão (CE);True;1;1
46;270198;5;293;373;2021-06-20 18:15:00;1624223700;Arena da Baixada;True;2;1
47;270200;5;286;292;2021-06-20 20:30:00;1624231800;Alfredo Jaconi;True;1;0
48;270194;5;282;315;2021-06-21 20:00:00;1624316400;Mineirão;True;1;1
49;270199;5;1371;284;2021-08-18 19:00:00;1629324000;Arena Pantanal;False;0;1
50;270201;6;262;356;2021-06-23 19:00:00;1624485600;Maracanã;True;2;1
51;270203;6;276;1371;2021-06-23 19:00:00;1624485600;Morumbi;True;2;2
52;270207;6;280;275;2021-06-23 19:00:00;1624485600;Nabi Abi Chedid;True;3;1
53;270210;6;373;266;2021-06-23 19:00:00;1624485600;Antônio Accioly;True;1;0
54;270204;6;327;286;2021-06-24 16:00:00;1624561200;Independência;True;1;1
55;270202;6;264;292;2021-06-24 19:00:00;1624572000;Neo Química Arena;True;2;1
56;270206;6;354;282;2021-06-24 19:00:00;1624572000;Castelão (CE);True;2;1
57;270209;6;315;285;2021-06-24 19:00:00;1624572000;Arena Condá;True;1;2
58;270205;6;284;277;2021-06-24 21:30:00;1624581000;Arena do Grêmio;True;2;2
59;270208;6;265;293;2021-06-24 21:30:00;1624581000;Pituaçu;True;2;1
60;270237;7;286;262;2021-06-27 11:00:00;1624802400;Alfredo Jaconi;True;1;0
61;270231;7;266;264;2021-06-27 16:00:00;1624820400;São Januário;True;1;1
62;270232;7;275;265;2021-06-27 20:00:00;1624834800;Allianz Parque;True;3;2
63;270235;7;284;356;2021-06-27 20:00:00;1624834800;Arena do Grêmio;True;0;0
64;270239;7;293;315;2021-06-27 20:00:00;1624834800;Arena da Baixada;True;2;2
65;270233;7;277;282;2021-06-27 20:30:00;1624836600;Vila Belmiro;True;2;0
66;270234;7;327;285;2021-06-27 20:30:00;1624836600;Independência;True;1;1
67;270236;7;354;276;2021-06-27 20:30:00;1624836600;Castelão (CE);True;1;1
68;270238;7;292;1371;2021-06-27 20:30:00;1624836600;Ilha do Retiro;True;0;0
69;270240;7;373;280;2021-06-28 20:00:00;1624921200;Antônio Accioly;True;0;1
70;270252;8;266;293;2021-06-30 16:00:00;1625079600;Raulino de Oliveira;True;1;4
71;270257;8;356;315;2021-06-30 16:00:00;1625079600;Castelão (CE);True;3;2
72;270256;8;285;275;2021-06-30 19:00:00;1625090400;Beira-Rio;True;1;2
73;270259;8;265;327;2021-06-30 19:00:00;1625090400;Pituaçu;True;3;4
74;270254;8;277;292;2021-06-30 20:30:00;1625095800;Vila Belmiro;True;0;0
75;270253;8;264;276;2021-06-30 21:30:00;1625099400;Neo Química Arena;True;0;0
76;270258;8;286;284;2021-06-30 21:30:00;1625099400;Alfredo Jaconi;True;2;0
77;270260;8;280;354;2021-07-01 16:00:00;1625166000;Nabi Abi Chedid;True;0;0
78;270255;8;282;373;2021-07-01 19:00:00;1625176800;Mineirão;True;4;1
79;270251;8;1371;262;2021-07-01 20:00:00;1625180400;Arena Pantanal;True;0;2
80;270274;9;327;277;2021-07-03 19:00:00;1625349600;Independência;True;2;0
81;270278;9;293;356;2021-07-03 19:00:00;1625349600;Arena da Baixada;True;2;1
82;270272;9;264;285;2021-07-03 21:00:00;1625356800;Neo Química Arena;True;1;1
83;270280;9;315;265;2021-07-04 11:00:00;1625407200;Arena Condá;True;0;2
84;270271;9;262;266;2021-07-04 16:00:00;1625425200;Neo Química Arena;True;0;1
85;270275;9;292;275;2021-07-04 16:00:00;1625425200;Ilha do Retiro;True;0;1
86;270273;9;276;280;2021-07-04 18:15:00;1625433300;Morumbi;True;1;2
87;270277;9;354;286;2021-07-04 18:15:00;1625433300;Castelão (CE);True;2;0
88;270279;9;1371;282;2021-07-04 18:15:00;1625433300;Arena Pantanal;True;0;1
89;270276;9;284;373;2021-07-04 20:30:00;1625441400;Arena do Grêmio;True;0;1
90;270284;10;277;293;2021-07-06 19:30:00;1625610600;Vila Belmiro;False;2;1
91;270286;10;356;327;2021-07-07 18:00:00;1625691600;Castelão (CE);True;4;0
92;270287;10;265;286;2021-07-07 18:00:00;1625691600;Pituaçu;True;1;0
93;270288;10;280;1371;2021-07-07 18:00:00;1625691600;Nabi Abi Chedid;True;1;1
94;270281;10;275;284;2021-07-07 19:00:00;1625695200;Allianz Parque;True;2;0
95;270282;10;282;262;2021-07-07 19:00:00;1625695200;Mineirão;True;2;1
96;270290;10;373;292;2021-07-07 19:15:00;1625696100;Antônio Accioly;True;1;1
97;270283;10;266;354;2021-07-07 21:30:00;1625704200;São Januário;True;0;0
98;270285;10;285;276;2021-07-07 21:30:00;1625704200;Beira-Rio;True;0;2
99;270289;10;315;264;2021-07-08 21:00:00;1625788800;Arena Condá;True;0;1
100;270332;11;275;277;2021-07-10 16:30:00;1625945400;Allianz Parque;True;3;2
101;270334;11;284;285;2021-07-10 16:30:00;1625945400;Arena do Grêmio;True;0;0
102;270338;11;293;280;2021-07-10 17:30:00;1625949000;Arena da Baixada;True;2;2
103;270333;11;276;265;2021-07-10 19:00:00;1625954400;Morumbi;True;1;0
104;270335;11;327;282;2021-07-10 19:00:00;1625954400;Independência;True;0;1
105;270337;11;292;266;2021-07-10 19:00:00;1625954400;Ilha do Retiro;True;1;2
106;270339;11;286;373;2021-07-11 11:00:00;1626012000;Alfredo Jaconi;True;1;1
107;270331;11;262;315;2021-07-11 18:15:00;1626038100;Maracanã;True;2;1
108;270340;11;1371;354;2021-07-11 18:15:00;1626038100;Arena Pantanal;True;2;2
109;270336;11;356;264;2021-07-11 20:30:00;1626046200;Castelão (CE);True;1;0
110;270354;12;276;356;2021-07-17 17:00:00;1626552000;Morumbi;True;0;1
111;270357;12;354;293;2021-07-17 17:00:00;1626552000;Castelão (CE);True;1;0
112;270351;12;264;282;2021-07-17 19:00:00;1626559200;Neo Química Arena;True;1;2
113;270352;12;266;284;2021-07-17 21:00:00;1626566400;Maracanã;True;0;1
114;270360;12;315;1371;2021-07-18 11:00:00;1626616800;Arena Condá;True;2;3
115;270359;12;373;275;2021-07-18 16:00:00;1626634800;Antônio Accioly;True;0;3
116;270353;12;265;262;2021-07-18 18:15:00;1626642900;Pituaçu;True;0;5
117;270356;12;285;286;2021-07-18 20:30:00;1626651000;Beira-Rio;True;1;0
118;270358;12;280;277;2021-07-18 20:30:00;1626651000;Nabi Abi Chedid;True;2;2
119;270355;12;327;292;2021-07-19 20:00:00;1626735600;Independência;True;0;1
120;270375;13;284;327;2021-07-24 17:00:00;1627156800;Arena do Grêmio;True;1;1
121;270372;13;275;266;2021-07-24 19:00:00;1627164000;Allianz Parque;True;1;0
122;270374;13;282;265;2021-07-25 11:00:00;1627221600;Mineirão;True;3;0
123;270378;13;356;280;2021-07-25 16:00:00;1627239600;Castelão (CE);True;1;0
124;270391;13;262;276;2021-07-25 16:00:00;1627239600;Maracanã;True;5;1
125;270373;13;277;373;2021-07-25 18:15:00;1627247700;Vila Belmiro;True;0;1
126;270376;13;293;285;2021-07-25 18:15:00;1627247700;Arena da Baixada;True;2;1
127;270379;13;292;354;2021-07-25 20:30:00;1627255800;Ilha do Retiro;True;0;0
128;270380;13;286;315;2021-07-26 18:00:00;1627333200;Alfredo Jaconi;True;1;0
129;270377;13;1371;264;2021-07-26 20:00:00;1627340400;Arena Pantanal;True;1;2
130;270403;14;276;275;2021-07-31 19:00:00;1627768800;Morumbi;True;0;0
131;270406;14;285;1371;2021-07-31 20:00:00;1627772400;Beira-Rio;True;0;0
132;270409;14;280;284;2021-07-31 21:00:00;1627776000;Nabi Abi Chedid;True;1;0
133;270402;14;264;262;2021-08-01 16:00:00;1627844400;Neo Química Arena;True;1;3
134;270405;14;282;293;2021-08-01 16:00:00;1627844400;Mineirão;True;2;0
135;270408;14;265;292;2021-08-01 18:15:00;1627852500;Pituaçu;True;0;1
136;270410;14;315;277;2021-08-01 18:15:00;1627852500;Arena Condá;True;0;1
137;270407;14;354;356;2021-08-01 20:30:00;1627860600;Castelão (CE);True;3;1
138;270411;14;373;327;2021-08-01 20:30:00;1627860600;Antônio Accioly;True;1;1
139;270404;14;266;286;2021-09-02 19:00:00;1630620000;Maracanã;False;1;1
140;270418;15;292;280;2021-08-06 19:00:00;1628287200;Ilha do Retiro;False;0;0
141;270419;15;293;276;2021-08-07 18:00:00;1628370000;Arena da Baixada;True;1;2
142;270414;15;275;356;2021-08-07 21:00:00;1628380800;Allianz Parque;True;2;3
143;270421;15;1371;265;2021-08-07 21:00:00;1628380800;Arena Pantanal;True;1;1
144;270413;15;277;264;2021-08-08 16:00:00;1628449200;Vila Belmiro;True;0;0
145;270415;15;327;266;2021-08-08 16:00:00;1628449200;Independência;True;1;0
146;270420;15;286;282;2021-08-08 16:00:00;1628449200;Alfredo Jaconi;True;1;2
147;270412;15;262;285;2021-08-08 18:15:00;1628457300;Maracanã;True;0;4
148;270417;15;354;373;2021-08-08 18:15:00;1628457300;Castelão (CE);True;0;0
149;270416;15;284;315;2021-08-09 20:00:00;1628550000;Arena do Grêmio;True;2;1
150;270449;16;280;286;2021-08-14 17:00:00;1628971200;Nabi Abi Chedid;True;1;2
151;270445;16;282;275;2021-08-14 19:00:00;1628978400;Mineirão;True;2;0
152;270444;16;276;284;2021-08-14 21:00:00;1628985600;Morumbi;True;2;1
153;270442;16;262;292;2021-08-15 16:00:00;1629054000;Raulino de Oliveira;True;2;0
154;270443;16;264;354;2021-08-15 16:00:00;1629054000;Neo Química Arena;True;3;1
155;270447;16;356;277;2021-08-15 18:15:00;1629062100;Castelão (CE);True;1;1
156;270448;16;265;373;2021-08-15 18:15:00;1629062100;Pituaçu;True;1;2
157;270451;16;1371;293;2021-08-15 18:15:00;1629062100;Arena Pantanal;True;1;0
158;270446;16;285;266;2021-08-15 20:30:00;1629070200;Beira-Rio;True;4;2
159;270450;16;315;327;2021-08-16 20:00:00;1629154800;Arena Condá;True;1;1
160;270471;17;373;315;2021-08-21 17:00:00;1629576000;Antônio Accioly;True;1;1
161;270466;17;284;265;2021-08-21 19:00:00;1629583200;Arena do Grêmio;True;2;0
162;270470;17;286;356;2021-08-21 21:00:00;1629590400;Alfredo Jaconi;True;1;1
163;270463;17;275;1371;2021-08-22 11:00:00;1629640800;Allianz Parque;True;0;2
164;270465;17;354;262;2021-08-22 16:00:00;1629658800;Castelão (CE);True;1;1
165;270469;17;293;264;2021-08-22 16:00:00;1629658800;Arena da Baixada;True;0;1
166;270464;17;277;285;2021-08-22 18:15:00;1629666900;Vila Belmiro;True;2;2
167;270468;17;292;276;2021-08-22 20:30:00;1629675000;Ilha do Retiro;True;0;1
168;270462;17;266;282;2021-08-23 20:00:00;1629759600;São Januário;True;1;1
169;270467;17;327;280;2021-08-23 20:00:00;1629759600;Independência;True;0;2
170;270488;18;292;315;2021-08-28 17:00:00;1630180800;Ilha do Retiro;True;0;0
171;270482;18;277;262;2021-08-28 19:00:00;1630188000;Vila Belmiro;True;0;4
172;270484;18;275;293;2021-08-28 21:00:00;1630195200;Allianz Parque;True;2;1
173;270485;18;284;264;2021-08-28 21:00:00;1630195200;Arena do Grêmio;True;0;1
174;270486;18;327;354;2021-08-29 11:00:00;1630245600;Independência;True;2;0
175;270490;18;286;276;2021-08-29 16:00:00;1630263600;Alfredo Jaconi;True;1;1
176;270491;18;373;285;2021-08-29 18:15:00;1630271700;Antônio Accioly;True;0;0
177;270489;18;280;282;2021-08-29 20:30:00;1630279800;Nabi Abi Chedid;True;1;1
178;270483;18;266;265;2021-08-30 19:00:00;1630360800;Maracanã;True;2;0
179;270487;18;356;1371;2021-08-30 21:30:00;1630369800;Castelão (CE);True;0;0
180;270538;19;265;356;2021-09-04 21:00:00;1630800000;Pituaçu;True;4;2
181;270541;19;1371;277;2021-09-04 21:00:00;1630800000;Arena Pantanal;True;2;1
182;270539;19;293;292;2021-09-05 18:15:00;1630876500;Arena da Baixada;True;0;0
183;270533;19;264;286;2021-09-07 21:30:00;1631061000;Neo Química Arena;True;1;1
184;270540;19;315;266;2021-09-07 21:30:00;1631061000;Arena Condá;True;1;2
185;270534;19;276;327;2021-09-22 20:30:00;1632353400;Morumbi;False;0;0
186;270537;19;354;275;2021-10-20 19:00:00;1634767200;Castelão (CE);False;1;2
187;270536;19;285;280;2021-10-21 20:00:00;1634857200;Beira-Rio;False;1;1
188;270535;19;282;284;2021-11-03 21:00:00;1635984000;Mineirão;False;2;1
189;270532;19;262;373;2021-11-05 21:30:00;1636158600;Maracanã;False;2;0
190;270525;20;327;293;2021-09-11 16:00:00;1631386800;Independência;True;2;0
191;270530;20;286;1371;2021-09-11 17:00:00;1631390400;Alfredo Jaconi;True;1;2
192;270529;20;280;315;2021-09-11 19:00:00;1631397600;Nabi Abi Chedid;True;1;2
193;270524;20;277;265;2021-09-11 21:00:00;1631404800;Vila Belmiro;True;0;0
194;270526;20;284;354;2021-09-12 11:00:00;1631455200;Arena do Grêmio;True;2;0
195;270523;20;275;262;2021-09-12 16:00:00;1631473200;Allianz Parque;True;1;3
196;270527;20;356;282;2021-09-12 16:00:00;1631473200;Castelão (CE);True;0;2
197;270531;20;373;264;2021-09-12 18:15:00;1631481300;Antônio Accioly;True;1;1
198;270522;20;266;276;2021-09-12 20:30:00;1631489400;Maracanã;True;2;1
199;270528;20;292;285;2021-09-13 20:00:00;1631574000;Ilha do Retiro;True;0;1
200;270520;21;315;275;2021-09-18 17:00:00;1631995200;Arena Condá;True;0;2
201;270519;21;293;286;2021-09-18 18:45:00;1632001500;Arena da Baixada;True;2;1
202;270515;21;282;292;2021-09-18 19:00:00;1632002400;Mineirão;True;3;0
203;270517;21;354;277;2021-09-18 21:00:00;1632009600;Castelão (CE);True;0;0
204;270518;21;265;280;2021-09-18 21:00:00;1632009600;Itaipava Arena Fonte Nova;True;1;1
205;270516;21;285;356;2021-09-19 11:00:00;1632060000;Beira-Rio;True;1;0
206;270514;21;276;373;2021-09-19 16:00:00;1632078000;Morumbi;True;2;1
207;270513;21;264;327;2021-09-19 18:15:00;1632086100;Neo Química Arena;True;1;1
208;270512;21;262;284;2021-09-19 20:30:00;1632094200;Maracanã;True;0;1
209;270521;21;1371;266;2021-09-20 20:00:00;1632178800;Arena Pantanal;True;2;2
210;270497;22;354;315;2021-09-25 17:00:00;1632600000;Castelão (CE);True;1;0
211;270493;22;264;275;2021-09-25 19:00:00;1632607200;Neo Química Arena;True;2;1
212;270494;22;276;282;2021-09-25 21:00:00;1632614400;Morumbi;True;0;0
213;270495;22;327;262;2021-09-26 11:00:00;1632664800;Independência;True;1;1
214;270492;22;266;280;2021-09-26 16:00:00;1632682800;Maracanã;True;2;1
215;270496;22;285;265;2021-09-26 16:00:00;1632682800;Beira-Rio;True;2;0
216;270500;22;286;277;2021-09-26 16:00:00;1632682800;Alfredo Jaconi;True;3;0
217;270498;22;292;356;2021-09-26 18:15:00;1632690900;Arena de Pernambuco;True;0;1
218;270499;22;293;284;2021-09-26 18:15:00;1632690900;Arena da Baixada;True;4;2
219;270501;22;373;1371;2021-09-26 20:30:00;1632699000;Antônio Accioly;True;0;0
220;270477;23;356;373;2021-10-02 17:00:00;1633204800;Castelão (CE);True;0;3
221;270481;23;1371;327;2021-10-02 17:00:00;1633204800;Arena Pantanal;True;0;2
222;270479;23;280;264;2021-10-02 19:00:00;1633212000;Nabi Abi Chedid;True;2;2
223;270475;23;282;285;2021-10-02 21:00:00;1633219200;Mineirão;True;1;0
224;270472;23;262;293;2021-10-03 16:00:00;1633287600;Maracanã;True;3;0
225;270480;23;315;276;2021-10-03 16:00:00;1633287600;Arena Condá;True;1;1
226;270473;23;275;286;2021-10-03 18:15:00;1633295700;Allianz Parque;True;1;1
227;270476;23;284;292;2021-10-03 20:30:00;1633303800;Arena do Grêmio;True;1;2
228;270474;23;277;266;2021-10-27 19:00:00;1635372000;Vila Belmiro;False;2;0
229;270478;23;265;354;2021-10-27 19:00:00;1635372000;Itaipava Arena Fonte Nova;False;1;1
230;270453;24;264;265;2021-10-05 21:30:00;1633480200;Neo Química Arena;False;3;1
231;270457;24;354;285;2021-10-06 19:00:00;1633557600;Castelão (CE);True;0;0
232;270458;24;292;286;2021-10-06 19:00:00;1633557600;Arena de Pernambuco;True;3;1
233;270460;24;315;282;2021-10-06 19:00:00;1633557600;Arena Condá;True;2;2
234;270461;24;373;293;2021-10-06 19:00:00;1633557600;Antônio Accioly;True;0;2
235;270459;24;280;262;2021-10-06 20:30:00;1633563000;Nabi Abi Chedid;True;1;1
236;270452;24;266;356;2021-10-06 21:30:00;1633566600;Maracanã;True;0;2
237;270455;24;327;275;2021-10-06 21:30:00;1633566600;Independência;True;2;1
238;270456;24;284;1371;2021-10-06 21:30:00;1633566600;Arena do Grêmio;True;2;2
239;270454;24;276;277;2021-10-07 18:30:00;1633642200;Morumbi;True;1;1
240;270432;25;266;373;2021-10-09 16:30:00;1633807800;Maracanã;True;0;0
241;270435;25;282;354;2021-10-09 16:30:00;1633807800;Mineirão;True;3;1
242;270438;25;292;264;2021-10-09 16:30:00;1633807800;Arena de Pernambuco;True;1;0
243;270437;25;356;262;2021-10-09 19:00:00;1633816800;Castelão (CE);True;0;3
244;270439;25;293;265;2021-10-09 19:00:00;1633816800;Arena da Baixada;True;0;2
245;270433;25;275;280;2021-10-09 21:00:00;1633824000;Allianz Parque;True;2;4
246;270440;25;286;327;2021-10-09 21:00:00;1633824000;Alfredo Jaconi;True;1;1
247;270436;25;285;315;2021-10-10 11:00:00;1633874400;Beira-Rio;True;5;2
248;270434;25;277;284;2021-10-10 16:00:00;1633892400;Vila Belmiro;True;1;0
249;270441;25;1371;276;2021-10-11 20:00:00;1633993200;Arena Pantanal;False;0;0
250;270429;26;280;373;2021-10-12 19:00:00;1634076000;Nabi Abi Chedid;True;1;0
251;270428;26;265;275;2021-10-12 21:30:00;1634085000;Itaipava Arena Fonte Nova;True;0;0
252;270422;26;262;286;2021-10-13 19:00:00;1634162400;Maracanã;True;3;1
253;270425;26;282;277;2021-10-13 19:00:00;1634162400;Mineirão;True;3;1
254;270430;26;315;293;2021-10-13 19:00:00;1634162400;Arena Condá;True;1;1
255;270427;26;356;284;2021-10-13 20:30:00;1634167800;Castelão (CE);True;1;0
256;270423;26;264;266;2021-10-13 21:00:00;1634169600;Neo Química Arena;True;1;0
257;270426;26;285;327;2021-10-13 21:30:00;1634171400;Beira-Rio;True;3;1
258;270424;26;276;354;2021-10-14 19:00:00;1634248800;Morumbi;True;1;1
259;270431;26;1371;292;2021-10-14 19:00:00;1634248800;Arena Pantanal;True;1;0
260;270400;27;315;356;2021-10-16 19:00:00;1634421600;Arena Condá;True;1;2
261;270395;27;327;265;2021-10-16 21:00:00;1634428800;Independência;True;0;0
262;270393;27;275;285;2021-10-17 16:00:00;1634497200;Allianz Parque;True;1;0
263;270399;27;293;266;2021-10-17 16:00:00;1634497200;Arena da Baixada;True;0;1
264;270396;27;284;286;2021-10-17 18:15:00;1634505300;Arena do Grêmio;True;3;2
265;270397;27;354;280;2021-10-17 18:15:00;1634505300;Castelão (CE);True;2;2
266;270401;27;373;282;2021-10-17 18:15:00;1634505300;Antônio Accioly;True;2;1
267;270392;27;262;1371;2021-10-17 20:30:00;1634513400;Maracanã;True;0;0
268;270398;27;292;277;2021-10-17 20:30:00;1634513400;Arena de Pernambuco;True;0;0
269;270394;27;276;264;2021-10-18 20:00:00;1634598000;Morumbi;True;1;0
270;270383;28;277;327;2021-10-23 17:00:00;1635019200;Vila Belmiro;True;0;2
271;270389;28;286;354;2021-10-23 17:00:00;1635019200;Alfredo Jaconi;True;0;0
272;270381;28;266;262;2021-10-23 19:00:00;1635026400;Maracanã;True;3;1
273;270386;28;356;293;2021-10-23 19:15:00;1635027300;Castelão (CE);True;3;0
274;270384;28;282;1371;2021-10-24 16:00:00;1635102000;Mineirão;True;2;1
275;270385;28;285;264;2021-10-24 16:00:00;1635102000;Beira-Rio;True;2;2
276;270388;28;280;276;2021-10-24 18:15:00;1635110100;Nabi Abi Chedid;True;1;0
277;270387;28;265;315;2021-10-24 20:30:00;1635118200;Itaipava Arena Fonte Nova;True;3;0
278;270390;28;373;284;2021-10-25 20:00:00;1635202800;Antônio Accioly;True;2;0
279;270382;28;275;292;2021-10-25 21:30:00;1635208200;Allianz Parque;True;2;1
280;270368;29;293;277;2021-10-30 17:00:00;1635624000;Arena da Baixada;True;0;1
281;270361;29;262;282;2021-10-30 19:00:00;1635631200;Maracanã;True;1;0
282;270369;29;286;265;2021-10-30 19:15:00;1635632100;Alfredo Jaconi;True;0;0
283;270364;29;327;356;2021-10-30 21:00:00;1635638400;Independência;True;2;1
284;270365;29;284;275;2021-10-31 16:00:00;1635706800;Arena do Grêmio;True;1;3
285;270366;29;354;266;2021-10-31 16:00:00;1635706800;Castelão (CE);True;1;0
286;270363;29;276;285;2021-10-31 18:15:00;1635714900;Morumbi;True;1;0
287;270367;29;292;373;2021-10-31 20:30:00;1635723000;Arena de Pernambuco;True;2;0
288;270370;29;1371;280;2021-11-01 20:00:00;1635807600;Arena Pantanal;True;1;0
289;270362;29;264;315;2021-11-01 21:30:00;1635813000;Neo Química Arena;True;1;0
290;270342;30;264;356;2021-11-06 17:00:00;1636228800;Neo Química Arena;True;1;0
291;270345;30;285;284;2021-11-06 19:00:00;1636236000;Beira-Rio;True;1;0
292;270341;30;266;292;2021-11-06 21:00:00;1636243200;Maracanã;True;1;0
293;270343;30;277;275;2021-11-07 16:00:00;1636311600;Vila Belmiro;True;0;2
294;270344;30;282;327;2021-11-07 16:00:00;1636311600;Mineirão;True;1;0
295;270348;30;280;293;2021-11-07 16:00:00;1636311600;Nabi Abi Chedid;True;0;2
296;270347;30;265;276;2021-11-07 18:15:00;1636319700;Itaipava Arena Fonte Nova;True;1;0
297;270346;30;354;1371;2021-11-07 20:30:00;1636327800;Castelão (CE);True;1;0
298;270349;30;315;262;2021-11-08 20:00:00;1636412400;Arena Condá;True;2;2
299;270350;30;373;286;2021-11-23 19:00:00;1637704800;Antônio Accioly;False;1;1
300;270330;31;1371;315;2021-11-04 21:00:00;1636070400;Arena Pantanal;False;0;0
301;270325;31;284;266;2021-11-09 21:30:00;1636504200;Arena do Grêmio;False;1;0
302;270328;31;293;354;2021-11-10 18:30:00;1636579800;Arena da Baixada;True;2;1
303;270323;31;277;280;2021-11-10 19:00:00;1636581600;Vila Belmiro;True;2;0
304;270324;31;282;264;2021-11-10 19:00:00;1636581600;Mineirão;True;3;0
305;270322;31;275;373;2021-11-10 20:30:00;1636587000;Allianz Parque;True;4;0
306;270326;31;356;276;2021-11-10 21:30:00;1636590600;Castelão (CE);True;1;1
307;270327;31;292;327;2021-11-10 21:30:00;1636590600;Arena de Pernambuco;True;2;3
308;270329;31;286;285;2021-11-10 21:30:00;1636590600;Alfredo Jaconi;True;2;1
309;270321;31;262;265;2021-11-11 19:00:00;1636668000;Maracanã;True;3;0
310;270320;32;373;277;2021-11-13 17:00:00;1636833600;Antônio Accioly;True;0;0
311;270314;32;327;284;2021-11-13 18:30:00;1636839000;Independência;True;3;1
312;270315;32;285;293;2021-11-13 19:00:00;1636840800;Beira-Rio;True;2;1
313;270318;32;280;356;2021-11-13 19:00:00;1636840800;Nabi Abi Chedid;True;3;0
314;270312;32;264;1371;2021-11-13 21:00:00;1636848000;Neo Química Arena;True;3;2
315;270313;32;276;262;2021-11-14 16:00:00;1636916400;Morumbi;True;0;4
316;270311;32;266;275;2021-11-14 18:15:00;1636924500;Maracanã;True;2;1
317;270316;32;354;292;2021-11-14 19:00:00;1636927200;Castelão (CE);True;2;1
318;270319;32;315;286;2021-11-14 19:00:00;1636927200;Arena Condá;True;0;2
319;270317;32;265;282;2021-12-02 18:00:00;1638478800;Itaipava Arena Fonte Nova;False;2;3
320;270308;33;293;282;2021-11-16 16:00:00;1637089200;Arena da Baixada;True;0;1
321;270305;33;284;280;2021-11-16 18:00:00;1637096400;Arena do Grêmio;True;3;0
322;270303;33;277;315;2021-11-17 19:00:00;1637186400;Vila Belmiro;True;2;0
323;270304;33;327;373;2021-11-17 19:00:00;1637186400;Independência;True;0;0
324;270310;33;1371;285;2021-11-17 19:00:00;1637186400;Arena Pantanal;True;1;0
325;270306;33;356;354;2021-11-17 20:00:00;1637190000;Castelão (CE);True;0;4
326;270302;33;275;276;2021-11-17 20:30:00;1637191800;Allianz Parque;True;0;2
327;270309;33;286;266;2021-11-17 20:30:00;1637191800;Alfredo Jaconi;True;1;0
328;270301;33;262;264;2021-11-17 21:30:00;1637195400;Maracanã;True;1;0
329;270307;33;292;265;2021-11-18 21:00:00;1637280000;Arena de Pernambuco;True;1;0
330;270298;34;280;292;2021-10-28 19:00:00;1635458400;Nabi Abi Chedid;False;3;0
331;270294;34;282;286;2021-11-20 19:00:00;1637445600;Mineirão;True;2;0
332;270296;34;356;275;2021-11-20 19:00:00;1637445600;Castelão (CE);True;1;0
333;270299;34;315;284;2021-11-20 19:00:00;1637445600;Arena Condá;True;1;3
334;270300;34;373;354;2021-11-20 21:00:00;1637452800;Antônio Accioly;True;1;1
335;270295;34;285;262;2021-11-20 21:30:00;1637454600;Beira-Rio;True;1;2
336;270292;34;264;277;2021-11-21 16:00:00;1637521200;Neo Química Arena;True;2;0
337;270291;34;266;327;2021-11-21 17:00:00;1637524800;Maracanã;True;2;0
338;270297;34;265;1371;2021-11-21 19:00:00;1637532000;Itaipava Arena Fonte Nova;True;0;0
339;270293;34;276;293;2021-11-24 21:30:00;1637800200;Morumbi;False;0;0
340;270262;35;275;282;2021-11-23 21:30:00;1637713800;Allianz Parque;True;2;2
341;270261;35;266;285;2021-11-24 21:30:00;1637800200;Maracanã;True;1;0
342;270263;35;277;356;2021-11-25 19:00:00;1637877600;Vila Belmiro;True;2;0
343;270266;35;354;264;2021-11-25 20:00:00;1637881200;Castelão (CE);True;2;1
344;270270;35;373;265;2021-11-29 19:00:00;1638223200;Antônio Accioly;False;2;1
345;270269;35;286;280;2021-11-30 19:00:00;1638309600;Alfredo Jaconi;False;1;0
346;270264;35;327;315;2021-11-30 21:00:00;1638316800;Independência;False;3;0
347;270265;35;284;276;2021-12-02 20:00:00;1638486000;Arena do Grêmio;False;3;0
348;270268;35;293;1371;2021-12-03 19:00:00;1638568800;Arena da Baixada;False;1;0
349;270267;35;292;262;2021-12-03 20:00:00;1638572400;Arena de Pernambuco;False;1;1
350;270247;36;265;284;2021-11-26 19:00:00;1637964000;Itaipava Arena Fonte Nova;False;3;1
351;270248;36;280;327;2021-11-27 19:30:00;1638052200;Nabi Abi Chedid;True;1;1
352;270243;36;276;292;2021-11-27 21:30:00;1638059400;Morumbi;True;2;0
353;270242;36;264;293;2021-11-28 16:00:00;1638126000;Neo Química Arena;True;1;0
354;270244;36;282;266;2021-11-28 16:00:00;1638126000;Mineirão;True;2;1
355;270245;36;285;277;2021-11-28 19:00:00;1638136800;Beira-Rio;True;1;1
356;270241;36;262;354;2021-11-30 20:00:00;1638313200;Maracanã;True;2;1
357;270250;36;1371;275;2021-11-30 22:00:00;1638320400;Arena Pantanal;True;1;3
358;270249;36;315;373;2021-12-03 20:00:00;1638572400;Arena Condá;False;0;1
359;270246;36;356;286;2021-12-03 21:00:00;1638576000;Castelão (CE);False;1;0
360;270222;37;264;284;2021-12-05 16:00:00;1638730800;Neo Química Arena;True;1;1
361;270224;37;282;280;2021-12-05 16:00:00;1638730800;Mineirão;True;4;3
362;270227;37;265;266;2021-12-05 16:00:00;1638730800;Itaipava Arena Fonte Nova;True;2;0
363;270226;37;354;327;2021-12-05 19:00:00;1638741600;Castelão (CE);True;0;0
364;270223;37;276;286;2021-12-06 19:00:00;1638828000;Morumbi;True;3;1
365;270228;37;293;275;2021-12-06 19:00:00;1638828000;Arena da Baixada;True;0;0
366;270221;37;262;277;2021-12-06 20:00:00;1638831600;Maracanã;True;0;1
367;270225;37;285;373;2021-12-06 20:00:00;1638831600;Beira-Rio;True;1;2
368;270230;37;1371;356;2021-12-06 20:00:00;1638831600;Arena Pantanal;True;1;0
369;270229;37;315;292;2021-12-06 21:00:00;1638835200;Arena Condá;True;0;1
370;270211;38;266;315;2021-12-09 21:30:00;1639096200;Maracanã;True;3;0
371;270212;38;275;354;2021-12-09 21:30:00;1639096200;Arena Barueri;True;1;0
372;270213;38;277;1371;2021-12-09 21:30:00;1639096200;Vila Belmiro;True;1;1
373;270214;38;327;276;2021-12-09 21:30:00;1639096200;Independência;True;2;0
374;270215;38;284;282;2021-12-09 21:30:00;1639096200;Arena do Grêmio;True;4;3
375;270216;38;356;265;2021-12-09 21:30:00;1639096200;Castelão (CE);True;2;1
376;270217;38;292;293;2021-12-09 21:30:00;1639096200;Arena de Pernambuco;True;1;1
377;270218;38;280;285;2021-12-09 21:30:00;1639096200;Nabi Abi Chedid;True;1;0
378;270219;38;286;264;2021-12-09 21:30:00;1639096200;Alfredo Jaconi;True;1;0
379;270220;38;373;262;2021-12-09 21:30:00;1639096200;Antônio Accioly;True;2;0
